Facility Type,Borough,Facility Name,Cross Streets,Phone,Postcode,Latitude,Longitude,Community District,Brough_Dist
Child Health Center,2,Ida G. Israel Community Health Center,W. 22nd St. & W. 23rd St.,718-946-3400,11224,40.578468,-73.989614,13,213
Child Health Center,3,South Queens Community Health Center,,718-883-6699,11434,40.688615,-73.785593,12,312
Child Health Center,3,Parsons Communicare Clinic,between Jamaica Ave. & 90th Ave.,718-334-6401,11432,40.703826,-73.800483,12,312
Child Health Center,3,Queens Hospital Center,,718-883-3000,11432,40.71725,-73.803433,08,308
Child Health Center,3,Junction Boulevard Child Health Clinic,between 34th Ave. & 35th Ave.,718-334-6150,11372,40.754179,-73.872231,03,303
Child Health Center,2,Woodhull Medical and Mental Health Center,,718-963-8000,11206,40.700528,-73.941604,03,203
Child Health Center,2,Eleanor Roosevelt Houses Child Health Clinic,between Lewis Ave. & Stuyvesant Ave.,718-452-1146,11206,40.694049,-73.934552,03,203
Acute Care Hospital,4,Jacobi Medical Center,,718-918-5000,10461,40.857427,-73.847079,11,411
Acute Care Hospital,1,Metropolitan Hospital Center,,212-423-6262,10029,40.784557,-73.94378,11,111
Child Health Center,2,Bushwick Communicare,between Linden St. & Grove St.,718-573-4860,11221,40.694674,-73.919153,04,204
Child Health Center,2,Lafayette Houses Child Health Clinic,between Classon Ave. & Taffee Place,718-638-8258,11205,40.690361,-73.960108,03,203
Diagnostic & Treatment Center,2,East New York Diagnostic & Treatment Center,,718-240-0400,11207,40.671977,-73.895248,05,205
Child Health Center,2,Williamsburg Child Health Clinic,between Power & Grand St.,718-387-2211,11211,40.712046,-73.943989,01,201
Acute Care Hospital,4,North Central Bronx Hospital,,718-519-5000,10467,40.880462,-73.88164,07,407
Child Health Center,1,Harlem Hospital Center,,212-939-1000,10037,40.814358,-73.940659,10,110
Nursing Home,2,Dr. Susan Smith McKinney Nursing and Rehabilitation Center,,718-245-7000,11203,40.659968,-73.939733,09,209
Child Health Center,3,Corona Child Health Clinic,between 104th St. & 106th St.,718-334-6100,11368,40.744001,-73.858404,04,304
Nursing Home,5,Sea View Hospital Rehabilitation Center & Home,,718-317-3000,10314,40.593798,-74.135437,02,502
Child Health Center,3,Springfield Gardens Medical Center,,718-883-6800,11413,40.678997,-73.754077,12,312
Diagnostic & Treatment Center,4,Morrisania Diagnostic & Treatment Center,,718-960-2777,10452,40.835957,-73.919986,04,404
Child Health Center,4,Jacobi Medical Center,,718-918-5000,10461,40.857427,-73.847079,11,411
Acute Care Hospital,2,Kings County Hospital Center,,718-245-3131,11203,40.655762,-73.94458,09,209
Nursing Home,1,Coler-Goldwater Specialty Hospital and Nursing Facility/Coler Campus,,212-848-6000 ,10044,40.7698,-73.941218,08,108
Child Health Center,2,Kings County Hospital Center,,718-245-3131,11203,40.655762,-73.94458,09,209
Acute Care Hospital,1,Bellevue Hospital Center,,212-562-4141,10016,40.739173,-73.976862,06,106
Child Health Center,2,Jonathan Williams Houses Child Health Clinic,between Roebling Street & Division Ave.,718-387-6407,11211,40.715381,-73.956135,01,201
Child Health Center,1,Grant Houses Clinic,,212-678-8420,10027,40.814794,-73.958928,09,109
Child Health Center,1,Dyckman Clinica De Las Americas,corner of Nagle Ave. and Dyckman St.,212-544-2001,10034,40.86164,-73.92459,12,112
Child Health Center,2,East New York Diagnostic & Treatment Center,,718-240-0400,11207,40.671977,-73.895248,05,205
Child Health Center,2,Brownsville Child Health Clinic,between Dumont Ave. & Blake Ave.,718-495-7283,11212,40.664827,-73.911415,16,216
Acute Care Hospital,2,Coney Island Hospital,,718-616-3000,11235,40.586552,-73.966168,13,213
Child Health Center,2,Williamsburg Health Center,,718-963-7820,11211,40.712046,-73.943989,01,201
Child Health Center,5,Stapleton Child Health Clinic,between Water St. & Canal St.,718-390-0712,10304,40.626584,-74.076758,01,501
Child Health Center,5,Mariner's Harbor Houses Child Health Clinic,,718-761-2060,10303,40.626017,-74.156541,01,501
Child Health Center,1,Judson Health Center,,212-925-5000,10012,40.721721,-73.995732,02,102
Child Health Center,1,Metropolitan Hospital Center,,212-423-6262,10029,40.784557,-73.94378,11,111
Child Health Center,4,Gunhill Health Center,between Paulding Ave. & Hone Ave.,718-918-8850,10469,40.874636,-73.85784,12,412
Child Health Center,2,Greenpoint Community Health Center,,718-630-3220,11222,40.729708,-73.954055,01,201
Acute Care Hospital,3,Queens Hospital Center,,718-883-3000,11432,40.717209,-73.803419,08,308
Diagnostic & Treatment Center,1,Gouverneur Healthcare Services,,212-238-7000,10002,40.712784,-73.988417,03,103
Child Health Center,1,Gouverneur Diagnostic & Treatment Center,,212-238-7200,10002,40.712784,-73.988417,03,103
Nursing Home,1,Gouverneur Healthcare Services,,212-238-7000,10002,40.712784,-73.988417,03,103
Child Health Center,2,Fort Greene Child Health Clinic,between DeKalb Ave. & Willoughby Ave.,718-260-7500 ext. 7859,11201,40.691986,-73.982496,02,202
Nursing Home,1,Coler-Goldwater Specialty Hospital and Nursing Facility/Goldwater Campus,,212-318-8000,10044,40.756368,-73.956054,08,108
Child Health Center,2,Sutter Avenue Child Health Clinic,between Montauk Ave. & Atkins Ave.,718-647-0800,11208,40.671892,-73.878197,05,205
Child Health Center,1,Drew Hamilton Houses Health Center,between W. 143rd St. & W. 144th St.,212-939-8950,10030,40.821706,-73.94273,10,110
Child Health Center,3,Woodside Houses Child Health Clinic,between Northern Blvd. & 50th St.,718-334-6140,11377,40.753164,-73.910752,01,301
Acute Care Hospital,1,Harlem Hospital Center,,212-939-1000,10037,40.814358,-73.940659,10,110
Child Health Center,2,Coney Island Hospital,,718-616-3000,11235,40.586552,-73.966168,13,213
Child Health Center,4,Health Center at Tremont,corner of 175th St.,718-918-8700,10457,40.844083,-73.894482,06,406
Child Health Center,4,North Central Bronx Hospital,,718-519-5000,10467,40.880462,-73.88164,07,407
Child Health Center,2,Crown Heights Child Health Clinic,,718-735-0561,11213,40.67353,-73.935845,08,208
Child Health Center,1,Baruch Houses Family Health Center,corner of Columbia St.,212-673-5990,10002,40.716079,-73.980373,03,103
Child Health Center,2,Sumner Avenue Houses Child Health Clinic,between Myrtle Ave. & Park Ave.,718-455-3884,11206,40.697945,-73.941018,03,203
Acute Care Hospital,2,Woodhull Medical and Mental Health Center,,718-963-8000,11206,40.700528,-73.941604,03,203
Child Health Center,2,Bushwick Community Health Center,,718-919-1200,11207,40.684318,-73.909056,04,204
Child Health Center,1,Bellevue Hospital Center,,212-562-4141,10016,40.739173,-73.976862,06,106
Child Health Center,3,Ridgewood Communicare Clinic,between Woodbine St. & Madison St.,718-334-6190,11385,40.702972,-73.905489,05,305
Child Health Center,1,Smith Communicare Health Center,corner of Catherine St.,212-346-0500,10038,40.712019,-73.997309,03,103
Child Health Center,4,Morrisania Diagnostic & Treatment Center,,718-960-2777,10452,40.835957,-73.919986,04,404
